Pizza,https://www.bbcgoodfood.com/recipes/pizza,4 hours,Easy
Best ever chocolate brownies recipe,https://www.bbcgoodfood.com/recipes/best-ever-chocolate-brownies-recipe,1 hour,More effort
So,cool,nice job,5 Thumbs up
 Steak supper for two or more,https://www.bbcgoodfood.com/recipes/steak-supper-two-or-more,2 hours and 40 mins,Easy
Pan-fried chicken in mushroom sauce,https://www.bbcgoodfood.com/recipes/pan-fried-chicken-mushroom-sauce,1 hour and 45 mins,More effort
Cauliflower cheese,https://www.bbcgoodfood.com/recipes/cauliflower-cheese-0,45 mins,Easy
Sponge cake,https://www.bbcgoodfood.com/recipes/sponge-cake,45 mins,Easy
 Cheese sauce,https://www.bbcgoodfood.com/recipes/cheese-sauce,15 mins,Easy
Rudy√¨s pizza,Buy a pizza,5 min,easy
 Miso steak,https://www.bbcgoodfood.com/recipes/miso-steak,1 hour and 20 mins,Easy
